step,sub_step,comp_time_ms,sim_time,id,prefab_id,floor,cnode_orient,cnode_pos,x,y,orient,num_vert,num_attch_points,num_occ_nodes,length,width,max_width,drive,accel,ang_speed,max_lin_speed,vel_x,vel_y,vel_theta,num_vos,itinerary_size,active,stopped,just_stopped,moved,moved_back,not_move_cost,time_block_cor,time_not_block_cor,wait
0,0,141,0,1,2,2,0,297,9,1.25,0,4,5,10,1.66,0.43,1.23942,2,0.81,79.5208,1.215,0,0.636396,0,0,0,1,0,0,0,0,0,0,0,0.702674,
1,0,188,0.083,1,2,2,0,297,9,1.25,0,4,5,10,1.66,0.43,1.23942,2,0.81,79.5208,1.215,0,0.636396,0,0,0,1,0,0,0,0,0,0,0,0.619674,
2,0,266,0.166,1,2,2,0,297,9,1.25,0,4,5,10,1.66,0.43,1.23942,2,0.81,79.5208,1.215,0,0.636396,0,0,0,1,0,0,0,0,0,0,0,0.536674,
3,0,360,0.249,1,2,2,0,297,9,1.25,0,4,5,10,1.66,0.43,1.23942,2,0.81,79.5208,1.215,0,0.636396,0,0,0,1,0,0,0,0,0,0,0,0.453674,
4,0,453,0.332,1,2,2,0,297,9,1.25,0,4,5,10,1.66,0.43,1.23942,2,0.81,79.5208,1.215,0,0.636396,0,0,0,1,0,0,0,0,0,0,0,0.370674,
5,0,547,0.415,1,2,2,0,297,9,1.25,0,4,5,10,1.66,0.43,1.23942,2,0.81,79.5208,1.215,0,0.636396,0,0,0,1,0,0,0,0,0,0,0,0.287674,
6,0,641,0.498,1,2,2,0,297,9,1.25,0,4,5,10,1.66,0.43,1.23942,2,0.81,79.5208,1.215,0,0.636396,0,0,0,1,0,0,0,0,0,0,0,0.204674,
7,0,735,0.581,1,2,2,0,297,9,1.25,0,4,5,10,1.66,0.43,1.23942,2,0.81,79.5208,1.215,0,0.636396,0,0,0,1,0,0,0,0,0,0,0,0.121674,
8,0,828,0.664,1,2,2,0,297,9,1.25,0,4,5,10,1.66,0.43,1.23942,2,0.81,79.5208,1.215,0,0.636396,0,0,0,1,0,0,0,0,0,0,0,0.0386742,
9,0,907,0.747,1,2,2,0,87,9,1.5,0,4,5,11,1.66,0.43,1.23942,2,0.81,79.5208,1.215,0,0.9,0,0,0,1,0,0,0,0,0,0.083,0,0.281111,
10,0,1000,0.83,1,2,2,0,87,9,1.5,0,4,5,11,1.66,0.43,1.23942,2,0.81,79.5208,1.215,0,0.9,0,0,0,1,0,0,0,0,0,0.083,0,0.198111,
11,0,1094,0.913,1,2,2,0,87,9,1.5,0,4,5,11,1.66,0.43,1.23942,2,0.81,79.5208,1.215,0,0.9,0,0,0,1,0,0,0,0,0,0.083,0,0.115111,
12,0,1188,0.996,1,2,2,0,87,9,1.5,0,4,5,11,1.66,0.43,1.23942,2,0.81,79.5208,1.215,0,0.9,0,0,0,1,0,0,0,0,0,0.083,0,0.0321111,
13,0,1282,1.079,1,2,2,0,301,9,1.75,0,4,5,13,1.66,0.43,1.23942,2,0.81,79.5208,1.215,0,1.10227,0,0,0,1,0,0,0,0,0,0,0.083,0.198828,
14,0,1360,1.162,1,2,2,0,301,9,1.75,0,4,5,13,1.66,0.43,1.23942,2,0.81,79.5208,1.215,0,1.10227,0,0,0,1,0,0,0,0,0,0,0.083,0.115828,
15,0,1453,1.245,1,2,2,0,301,9,1.75,0,4,5,13,1.66,0.43,1.23942,2,0.81,79.5208,1.215,0,1.10227,0,0,0,1,0,0,0,0,0,0,0.083,0.0328277,
16,0,1547,1.328,1,2,2,0,89,9,2,0,4,5,14,1.66,0.43,1.23942,2,0.81,79.5208,1.215,0,1.215,0,0,0,1,0,0,0,0,0,0.083,0,0.165599,
17,0,1641,1.411,1,2,2,0,89,9,2,0,4,5,14,1.66,0.43,1.23942,2,0.81,79.5208,1.215,0,1.215,0,0,0,1,0,0,0,0,0,0.083,0,0.0825988,
18,0,1735,1.494,1,2,2,0,305,9,2.25,0,4,5,13,1.66,0.43,1.23942,2,0.81,79.5208,1.215,0,1.215,0,0,0,1,0,0,0,0,0,0.166,0,0.20536,
19,0,1813,1.577,1,2,2,0,305,9,2.25,0,4,5,13,1.66,0.43,1.23942,2,0.81,79.5208,1.215,0,1.215,0,0,0,1,0,0,0,0,0,0.166,0,0.12236,
20,0,1907,1.66,1,2,2,0,305,9,2.25,0,4,5,13,1.66,0.43,1.23942,2,0.81,79.5208,1.215,0,1.215,0,0,0,1,0,0,0,0,0,0.166,0,0.0393601,
21,0,2000,1.743,1,2,2,0,91,9,2.5,0,4,5,14,1.66,0.43,1.23942,2,0.81,79.5208,1.215,0,1.215,0,0,0,1,0,0,0,0,0,0.249,0,0.162121,
22,0,2063,1.826,1,2,2,0,91,9,2.5,0,4,5,14,1.66,0.43,1.23942,2,0.81,79.5208,1.215,0,1.215,0,0,0,1,0,0,0,0,0,0.249,0,0.0791214,
23,0,2094,1.909,1,2,2,0,307,9,2.75,0,4,5,13,1.66,0.43,1.23942,2,0.81,79.5208,1.215,0,1.215,0,0,0,1,0,0,0,0,0,0.332,0,0.201883,
24,0,2125,1.992,1,2,2,0,307,9,2.75,0,4,5,13,1.66,0.43,1.23942,2,0.81,79.5208,1.215,0,1.215,0,0,0,1,0,0,0,0,0,0.332,0,0.118883,
25,0,2157,2.075,1,2,2,0,307,9,2.75,0,4,5,13,1.66,0.43,1.23942,2,0.81,79.5208,1.215,0,1.215,0,0,0,1,0,0,0,0,0,0.332,0,0.0358828,
26,0,2203,2.158,1,2,2,0,92,9,3,0,4,5,14,1.66,0.43,1.23942,2,0.81,79.5208,1.215,0,1.215,0,0,0,1,0,0,0,0,0,0.415,0,0.158644,
27,0,2250,2.241,1,2,2,0,92,9,3,0,4,5,14,1.66,0.43,1.23942,2,0.81,79.5208,1.215,0,1.215,0,0,0,1,0,0,0,0,0,0.415,0,0.0756441,
28,0,2282,2.324,1,2,2,0,313,9,3.25,0,4,5,13,1.66,0.43,1.23942,2,0.81,79.5208,1.215,0,1.215,0,0,0,1,0,0,0,0,0,0.498,0,0.198405,
29,0,2313,2.407,1,2,2,0,313,9,3.25,0,4,5,13,1.66,0.43,1.23942,2,0.81,79.5208,1.215,0,1.215,0,0,0,1,0,0,0,0,0,0.498,0,0.115405,
30,0,2344,2.49,1,2,2,0,313,9,3.25,0,4,5,13,1.66,0.43,1.23942,2,0.81,79.5208,1.215,0,1.215,0,0,0,1,0,0,0,0,0,0.498,0,0.0324054,
31,0,2375,2.573,1,2,2,0,95,9,3.5,0,4,5,14,1.66,0.43,1.23942,2,0.81,79.5208,1.215,0,1.215,0,0,0,1,0,0,0,0,0,0.581,0,0.155167,
32,0,2407,2.656,1,2,2,0,95,9,3.5,0,4,5,14,1.66,0.43,1.23942,2,0.81,79.5208,1.215,0,1.215,0,0,0,1,0,0,0,0,0,0.581,0,0.0721667,
33,0,2453,2.739,1,2,2,0,315,9,3.75,0,4,5,13,1.66,0.43,1.23942,2,0.81,79.5208,1.215,0,1.215,0,0,0,1,0,0,0,0,0,0.664,0,0.194928,
34,0,2485,2.822,1,2,2,0,315,9,3.75,0,4,5,13,1.66,0.43,1.23942,2,0.81,79.5208,1.215,0,1.215,0,0,0,1,0,0,0,0,0,0.664,0,0.111928,
35,0,2516,2.905,1,2,2,0,315,9,3.75,0,4,5,13,1.66,0.43,1.23942,2,0.81,79.5208,1.215,0,1.215,0,0,0,1,0,0,0,0,0,0.664,0,0.028928,
36,0,2547,2.988,1,2,2,0,96,9,4,0,4,5,14,1.66,0.43,1.23942,2,0.81,79.5208,1.215,0,1.215,0,0,0,1,0,0,0,0,0,0.747,0,0.151689,
37,0,2578,3.071,1,2,2,0,96,9,4,0,4,5,14,1.66,0.43,1.23942,2,0.81,79.5208,1.215,0,1.215,0,0,0,1,0,0,0,0,0,0.747,0,0.0686894,
38,0,2610,3.154,1,2,2,0,321,9,4.25,0,4,5,13,1.66,0.43,1.23942,2,0.81,79.5208,1.215,0,1.215,0,0,0,1,0,0,0,0,0,0.83,0,0.191451,
39,0,2641,3.237,1,2,2,0,321,9,4.25,0,4,5,13,1.66,0.43,1.23942,2,0.81,79.5208,1.215,0,1.215,0,0,0,1,0,0,0,0,0,0.83,0,0.108451,
40,0,2688,3.32,1,2,2,0,321,9,4.25,0,4,5,13,1.66,0.43,1.23942,2,0.81,79.5208,1.215,0,1.215,0,0,0,1,0,0,0,0,0,0.83,0,0.0254507,
41,0,2719,3.403,1,2,2,0,99,9,4.5,0,4,5,14,1.66,0.43,1.23942,2,0.81,79.5208,1.215,0,1.215,0,0,0,1,0,0,0,0,0,0.913,0,0.148212,
42,0,2750,3.486,1,2,2,0,99,9,4.5,0,4,5,14,1.66,0.43,1.23942,2,0.81,79.5208,1.215,0,1.215,0,0,0,1,0,0,0,0,0,0.913,0,0.065212,
43,0,2797,3.569,1,2,2,0,323,9,4.75,0,4,5,13,1.66,0.43,1.23942,2,0.81,79.5208,1.215,0,1.215,0,0,0,1,0,0,0,0,0,0.996,0,0.187973,
44,0,2844,3.652,1,2,2,0,323,9,4.75,0,4,5,13,1.66,0.43,1.23942,2,0.81,79.5208,1.215,0,1.215,0,0,0,1,0,0,0,0,0,0.996,0,0.104973,
45,0,2891,3.735,1,2,2,0,323,9,4.75,0,4,5,13,1.66,0.43,1.23942,2,0.81,79.5208,1.215,0,1.215,0,0,0,1,0,0,0,0,0,0.996,0,0.0219733,
46,0,2922,3.818,1,2,2,0,100,9,5,0,4,5,14,1.66,0.43,1.23942,2,0.81,79.5208,1.215,0,1.215,0,0,0,1,0,0,0,0,0,1.079,0,0.144735,
47,0,2969,3.901,1,2,2,0,100,9,5,0,4,5,14,1.66,0.43,1.23942,2,0.81,79.5208,1.215,0,1.215,0,0,0,1,0,0,0,0,0,1.079,0,0.0617346,
48,0,3000,3.984,1,2,2,0,324,9,5.25,0,4,5,16,1.66,0.43,1.23942,2,0.81,79.5208,1.215,0,1.215,0,0,0,1,0,0,0,0,0,1.162,0,0.184496,
49,0,3047,4.067,1,2,2,0,324,9,5.25,0,4,5,16,1.66,0.43,1.23942,2,0.81,79.5208,1.215,0,1.215,0,0,0,1,0,0,0,0,0,1.162,0,0.101496,
50,0,3078,4.15,1,2,2,0,324,9,5.25,0,4,5,16,1.66,0.43,1.23942,2,0.81,79.5208,1.215,0,1.215,0,0,0,1,0,0,0,0,0,1.162,0,0.0184959,
51,0,3110,4.233,1,2,2,0,73,9,5.5,0,4,5,17,1.66,0.43,1.23942,2,0.81,79.5208,1.215,0,1.215,0,0,0,1,0,0,0,0,0,1.245,0,0.141257,
52,0,3157,4.316,1,2,2,0,73,9,5.5,0,4,5,17,1.66,0.43,1.23942,2,0.81,79.5208,1.215,0,1.215,0,0,0,1,0,0,0,0,0,1.245,0,0.0582573,
53,0,3188,4.399,1,2,2,0,333,9,5.6875,0,4,5,15,1.66,0.43,1.23942,2,0.81,79.5208,1.215,0,1.215,0,0,0,1,0,0,0,0,0,1.328,0,0.129578,
54,0,3219,4.482,1,2,2,0,333,9,5.6875,0,4,5,15,1.66,0.43,1.23942,2,0.81,79.5208,1.215,0,1.215,0,0,0,1,0,0,0,0,0,1.328,0,0.0465783,
55,0,3266,4.565,1,2,1,0,40,9,5.875,0,4,5,20,1.66,0.43,1.23942,2,0.81,79.5208,1.215,0,1.215,0,0,0,1,0,0,0,0,0,1.411,0,0.117899,
56,0,3313,4.648,1,2,1,0,40,9,5.875,0,4,5,20,1.66,0.43,1.23942,2,0.81,79.5208,1.215,0,1.215,0,0,0,1,0,0,0,0,0,1.411,0,0.0348992,
57,0,3344,4.731,1,2,1,0,230,9,6,0,4,5,18,1.66,0.43,1.23942,2,0.81,79.5208,1.215,0,0.406202,0,0,0,1,0,0,0,0,0,1.494,0,0.106106,
58,0,3391,4.814,1,2,1,0,230,9,6,0,4,5,18,1.66,0.43,1.23942,2,0.81,79.5208,1.215,0,0.406202,0,0,0,1,0,0,0,0,0,1.494,0,0.0231058,
59,0,3422,4.897,1,2,1,0,37,9,6.125,0,4,5,20,1.66,0.43,1.23942,2,0.81,79.5208,1.215,0,0.406202,0,0,0,1,0,0,0,0,0,1.577,0,0.247834,
60,0,3453,4.98,1,2,1,0,37,9,6.125,0,4,5,20,1.66,0.43,1.23942,2,0.81,79.5208,1.215,0,0.406202,0,0,0,1,0,0,0,0,0,1.577,0,0.164834,
61,0,3485,5.063,1,2,1,0,37,9,6.125,0,4,5,20,1.66,0.43,1.23942,2,0.81,79.5208,1.215,0,0.406202,0,0,0,1,0,0,0,0,0,1.577,0,0.0818342,
62,0,3516,5.146,1,2,1,0,225,9,6.25,0,4,5,18,1.66,0.43,1.23942,2,0.81,79.5208,1.215,0,0.406202,0,0,0,1,0,0,0,0,0,1.66,0,0.306563,
63,0,3563,5.229,1,2,1,0,225,9,6.25,0,4,5,18,1.66,0.43,1.23942,2,0.81,79.5208,1.215,0,0.406202,0,0,0,1,0,0,0,0,0,1.66,0,0.223563,
64,0,3594,5.312,1,2,1,0,225,9,6.25,0,4,5,18,1.66,0.43,1.23942,2,0.81,79.5208,1.215,0,0.406202,0,0,0,1,0,0,0,0,0,1.66,0,0.140563,
65,0,3625,5.395,1,2,1,0,225,9,6.25,0,4,5,18,1.66,0.43,1.23942,2,0.81,79.5208,1.215,0,0.406202,0,0,0,1,0,0,0,0,0,1.66,0,0.0575627,
66,0,3672,5.478,1,2,1,0,34,9,6.375,0,4,5,23,1.66,0.43,1.23942,2,0.81,79.5208,1.215,0,0.406202,0,0,0,1,0,0,0,0,0,1.743,0,0.282291,
67,0,3703,5.561,1,2,1,0,34,9,6.375,0,4,5,23,1.66,0.43,1.23942,2,0.81,79.5208,1.215,0,0.406202,0,0,0,1,0,0,0,0,0,1.743,0,0.199291,
68,0,3750,5.644,1,2,1,0,34,9,6.375,0,4,5,23,1.66,0.43,1.23942,2,0.81,79.5208,1.215,0,0.406202,0,0,0,1,0,0,0,0,0,1.743,0,0.116291,
69,0,3782,5.727,1,2,1,0,34,9,6.375,0,4,5,23,1.66,0.43,1.23942,2,0.81,79.5208,1.215,0,0.406202,0,0,0,1,0,0,0,0,0,1.743,0,0.0332911,
70,0,3828,5.81,1,2,1,0,220,9,6.5,0,4,5,21,1.66,0.43,1.23942,2,0.81,79.5208,1.215,0,0.406202,0,0,0,1,0,0,0,0,0,1.826,0,0.25802,
71,0,3860,5.893,1,2,1,0,220,9,6.5,0,4,5,21,1.66,0.43,1.23942,2,0.81,79.5208,1.215,0,0.406202,0,0,0,1,0,0,0,0,0,1.826,0,0.17502,
72,0,3891,5.976,1,2,1,0,220,9,6.5,0,4,5,21,1.66,0.43,1.23942,2,0.81,79.5208,1.215,0,0.406202,0,0,0,1,0,0,0,0,0,1.826,0,0.0920196,
73,0,3922,6.059,1,2,1,0,220,9,6.5,0,4,5,21,1.66,0.43,1.23942,2,0.81,79.5208,1.215,0,0.406202,0,0,0,1,0,0,0,0,0,1.826,0,0.00901957,
74,0,3953,6.142,1,2,1,0,31,9,6.625,0,4,5,23,1.66,0.43,1.23942,2,0.81,79.5208,1.215,0,0.406202,0,0,0,1,0,0,0,0,0,1.909,0,0.233748,
75,0,4000,6.225,1,2,1,0,31,9,6.625,0,4,5,23,1.66,0.43,1.23942,2,0.81,79.5208,1.215,0,0.406202,0,0,0,1,0,0,0,0,0,1.909,0,0.150748,
76,0,4016,6.308,1,2,1,0,31,9,6.625,0,4,5,23,1.66,0.43,1.23942,2,0.81,79.5208,1.215,0,0.406202,0,0,0,1,0,0,0,0,0,1.909,0,0.067748,
77,0,4063,6.391,1,2,1,0,215,9,6.75,0,4,5,21,1.66,0.43,1.23942,2,0.81,79.5208,1.215,0,0.406202,0,0,0,1,0,0,0,0,0,1.992,0,0.292476,
78,0,4094,6.474,1,2,1,0,215,9,6.75,0,4,5,21,1.66,0.43,1.23942,2,0.81,79.5208,1.215,0,0.406202,0,0,0,1,0,0,0,0,0,1.992,0,0.209476,
79,0,4125,6.557,1,2,1,0,215,9,6.75,0,4,5,21,1.66,0.43,1.23942,2,0.81,79.5208,1.215,0,0.406202,0,0,0,1,0,0,0,0,0,1.992,0,0.126476,
80,0,4157,6.64,1,2,1,0,215,9,6.75,0,4,5,21,1.66,0.43,1.23942,2,0.81,79.5208,1.215,0,0.406202,0,0,0,1,0,0,0,0,0,1.992,0,0.0434765,
81,0,4188,6.723,1,2,1,0,28,9,6.875,0,4,5,26,1.66,0.43,1.23942,2,0.81,79.5208,1.215,0,0.406202,0,0,0,1,0,0,0,0,0,2.075,0,0.268205,
82,0,4219,6.806,1,2,1,0,28,9,6.875,0,4,5,26,1.66,0.43,1.23942,2,0.81,79.5208,1.215,0,0.406202,0,0,0,1,0,0,0,0,0,2.075,0,0.185205,
83,0,4250,6.889,1,2,1,0,28,9,6.875,0,4,5,26,1.66,0.43,1.23942,2,0.81,79.5208,1.215,0,0.406202,0,0,0,1,0,0,0,0,0,2.075,0,0.102205,
84,0,4282,6.972,1,2,1,0,28,9,6.875,0,4,5,26,1.66,0.43,1.23942,2,0.81,79.5208,1.215,0,0.406202,0,0,0,1,0,0,0,0,0,2.075,0,0.0192049,
85,0,4328,7.055,1,2,1,0,210,9,7,0,4,5,21,1.66,0.43,1.23942,2,0.81,79.5208,1.215,0,0.406202,0,0,0,1,0,0,0,0,0,2.158,0,0.243933,
86,0,4360,7.138,1,2,1,0,210,9,7,0,4,5,21,1.66,0.43,1.23942,2,0.81,79.5208,1.215,0,0.406202,0,0,0,1,0,0,0,0,0,2.158,0,0.160933,
87,0,4407,7.221,1,2,1,0,210,9,7,0,4,5,21,1.66,0.43,1.23942,2,0.81,79.5208,1.215,0,0.406202,0,0,0,1,0,0,0,0,0,2.158,0,0.0779334,
88,0,4469,7.30401,1,2,1,0,25,9,7.125,0,4,5,26,1.66,0.43,1.23942,2,0.81,79.5208,1.215,0,0.406202,0,0,0,1,0,0,0,0,0,2.241,0,0.302662,
89,0,4500,7.38701,1,2,1,0,25,9,7.125,0,4,5,26,1.66,0.43,1.23942,2,0.81,79.5208,1.215,0,0.406202,0,0,0,1,0,0,0,0,0,2.241,0,0.219662,
90,0,4532,7.47001,1,2,1,0,25,9,7.125,0,4,5,26,1.66,0.43,1.23942,2,0.81,79.5208,1.215,0,0.406202,0,0,0,1,0,0,0,0,0,2.241,0,0.136662,
91,0,4563,7.55301,1,2,1,0,25,9,7.125,0,4,5,26,1.66,0.43,1.23942,2,0.81,79.5208,1.215,0,0.406202,0,0,0,1,0,0,0,0,0,2.241,0,0.0536618,
92,0,4594,7.63601,1,2,1,0,205,9,7.25,0,4,5,21,1.66,0.43,1.23942,2,0.81,79.5208,1.215,0,0.406202,0,0,0,1,0,0,0,0,0,2.324,0,0.27839,
93,0,4625,7.71901,1,2,1,0,205,9,7.25,0,4,5,21,1.66,0.43,1.23942,2,0.81,79.5208,1.215,0,0.406202,0,0,0,1,0,0,0,0,0,2.324,0,0.19539,
94,0,4657,7.80201,1,2,1,0,205,9,7.25,0,4,5,21,1.66,0.43,1.23942,2,0.81,79.5208,1.215,0,0.406202,0,0,0,1,0,0,0,0,0,2.324,0,0.11239,
95,0,4688,7.88501,1,2,1,0,205,9,7.25,0,4,5,21,1.66,0.43,1.23942,2,0.81,79.5208,1.215,0,0.406202,0,0,0,1,0,0,0,0,0,2.324,0,0.0293903,
96,0,4735,7.96801,1,2,1,0,22,9,7.375,0,4,5,26,1.66,0.43,1.23942,2,0.81,79.5208,1.215,0,0.406202,0,0,0,1,0,0,0,0,0,2.407,0,0.254119,
97,0,4766,8.05101,1,2,1,0,22,9,7.375,0,4,5,26,1.66,0.43,1.23942,2,0.81,79.5208,1.215,0,0.406202,0,0,0,1,0,0,0,0,0,2.407,0,0.171119,
98,0,4797,8.13401,1,2,1,0,22,9,7.375,0,4,5,26,1.66,0.43,1.23942,2,0.81,79.5208,1.215,0,0.406202,0,0,0,1,0,0,0,0,0,2.407,0,0.0881187,
99,0,4828,8.21701,1,2,1,0,22,9,7.375,0,4,5,26,1.66,0.43,1.23942,2,0.81,79.5208,1.215,0,0.406202,0,0,0,1,0,0,0,0,0,2.407,0,0.00511874,
100,0,4860,8.30001,1,2,1,0,200,9,7.5,0,4,5,21,1.66,0.43,1.23942,2,0.81,79.5208,1.215,0,0.406202,0,0,0,1,0,0,0,0,0,2.49,0,0.229847,
101,0,4907,8.38301,1,2,1,0,200,9,7.5,0,4,5,21,1.66,0.43,1.23942,2,0.81,79.5208,1.215,0,0.406202,0,0,0,1,0,0,0,0,0,2.49,0,0.146847,
102,0,4938,8.46601,1,2,1,0,200,9,7.5,0,4,5,21,1.66,0.43,1.23942,2,0.81,79.5208,1.215,0,0.406202,0,0,0,1,0,0,0,0,0,2.49,0,0.0638472,
103,0,4985,8.54901,1,2,1,0,19,9,7.625,0,4,5,26,1.66,0.43,1.23942,2,0.81,79.5208,1.215,0,0.406202,0,0,0,1,0,0,0,0,0,2.573,0,0.288576,
104,0,5016,8.63201,1,2,1,0,19,9,7.625,0,4,5,26,1.66,0.43,1.23942,2,0.81,79.5208,1.215,0,0.406202,0,0,0,1,0,0,0,0,0,2.573,0,0.205576,
105,0,5047,8.71501,1,2,1,0,19,9,7.625,0,4,5,26,1.66,0.43,1.23942,2,0.81,79.5208,1.215,0,0.406202,0,0,0,1,0,0,0,0,0,2.573,0,0.122576,
106,0,5094,8.79801,1,2,1,0,19,9,7.625,0,4,5,26,1.66,0.43,1.23942,2,0.81,79.5208,1.215,0,0.406202,0,0,0,1,0,0,0,0,0,2.573,0,0.0395757,
107,0,5125,8.88101,1,2,1,0,195,9,7.75,0,4,5,21,1.66,0.43,1.23942,2,0.81,79.5208,1.215,0,0.406202,0,0,0,1,0,0,0,0,0,2.656,0,0.264304,
108,0,5157,8.96401,1,2,1,0,195,9,7.75,0,4,5,21,1.66,0.43,1.23942,2,0.81,79.5208,1.215,0,0.406202,0,0,0,1,0,0,0,0,0,2.656,0,0.181304,
109,0,5203,9.04701,1,2,1,0,195,9,7.75,0,4,5,21,1.66,0.43,1.23942,2,0.81,79.5208,1.215,0,0.406202,0,0,0,1,0,0,0,0,0,2.656,0,0.0983041,
110,0,5219,9.13001,1,2,1,0,195,9,7.75,0,4,5,21,1.66,0.43,1.23942,2,0.81,79.5208,1.215,0,0.406202,0,0,0,1,0,0,0,0,0,2.656,0,0.0153041,
111,0,5266,9.21301,1,2,1,0,16,9,7.875,0,4,5,26,1.66,0.43,1.23942,2,0.81,79.5208,1.215,0,0.406202,0,0,0,1,0,0,0,0,0,2.739,0,0.240033,
112,0,5297,9.29601,1,2,1,0,16,9,7.875,0,4,5,26,1.66,0.43,1.23942,2,0.81,79.5208,1.215,0,0.406202,0,0,0,1,0,0,0,0,0,2.739,0,0.157033,
113,0,5328,9.37901,1,2,1,0,16,9,7.875,0,4,5,26,1.66,0.43,1.23942,2,0.81,79.5208,1.215,0,0.406202,0,0,0,1,0,0,0,0,0,2.739,0,0.0740326,
114,0,5360,9.46201,1,2,1,0,190,9,8,0,4,5,21,1.66,0.43,1.23942,2,0.81,79.5208,1.215,0,0.406202,0,0,0,1,0,0,0,0,0,2.822,0,0.298761,
115,0,5391,9.54501,1,2,1,0,190,9,8,0,4,5,21,1.66,0.43,1.23942,2,0.81,79.5208,1.215,0,0.406202,0,0,0,1,0,0,0,0,0,2.822,0,0.215761,
116,0,5438,9.62801,1,2,1,0,190,9,8,0,4,5,21,1.66,0.43,1.23942,2,0.81,79.5208,1.215,0,0.406202,0,0,0,1,0,0,0,0,0,2.822,0,0.132761,
117,0,5469,9.71101,1,2,1,0,190,9,8,0,4,5,21,1.66,0.43,1.23942,2,0.81,79.5208,1.215,0,0.406202,0,0,0,1,0,0,0,0,0,2.822,0,0.049761,
118,0,5516,9.79401,1,2,1,0,13,9,8.125,0,4,5,26,1.66,0.43,1.23942,2,0.81,79.5208,1.215,0,0.406202,0,0,0,1,0,0,0,0,0,2.905,0,0.274489,
119,0,5547,9.87701,1,2,1,0,13,9,8.125,0,4,5,26,1.66,0.43,1.23942,2,0.81,79.5208,1.215,0,0.406202,0,0,0,1,0,0,0,0,0,2.905,0,0.191489,
120,0,5594,9.96001,1,2,1,0,13,9,8.125,0,4,5,26,1.66,0.43,1.23942,2,0.81,79.5208,1.215,0,0.406202,0,0,0,1,0,0,0,0,0,2.905,0,0.108489,
121,0,5625,10.043,1,2,1,0,13,9,8.125,0,4,5,26,1.66,0.43,1.23942,2,0.81,79.5208,1.215,0,0.406202,0,0,0,1,0,0,0,0,0,2.905,0,0.0254895,
122,0,5657,10.126,1,2,1,0,185,9,8.25,0,4,5,21,1.66,0.43,1.23942,2,0.81,79.5208,1.215,0,0.406202,0,0,0,1,0,0,0,0,0,2.988,0,0.250218,
123,0,5688,10.209,1,2,1,0,185,9,8.25,0,4,5,21,1.66,0.43,1.23942,2,0.81,79.5208,1.215,0,0.406202,0,0,0,1,0,0,0,0,0,2.988,0,0.167218,
124,0,5719,10.292,1,2,1,0,185,9,8.25,0,4,5,21,1.66,0.43,1.23942,2,0.81,79.5208,1.215,0,0.406202,0,0,0,1,0,0,0,0,0,2.988,0,0.0842179,
125,0,5750,10.375,1,2,1,0,185,9,8.25,0,4,5,21,1.66,0.43,1.23942,2,0.81,79.5208,1.215,0,0.406202,0,0,0,1,0,0,0,0,0,2.988,0,0.00121792,
126,0,5782,10.458,1,2,1,0,10,9,8.375,0,4,5,23,1.66,0.43,1.23942,2,0.81,79.5208,1.215,0,0.406202,0,0,0,1,0,0,0,0,0,3.071,0,0.225946,
127,0,5828,10.541,1,2,1,0,10,9,8.375,0,4,5,23,1.66,0.43,1.23942,2,0.81,79.5208,1.215,0,0.406202,0,0,0,1,0,0,0,0,0,3.071,0,0.142946,
128,0,5860,10.624,1,2,1,0,10,9,8.375,0,4,5,23,1.66,0.43,1.23942,2,0.81,79.5208,1.215,0,0.406202,0,0,0,1,0,0,0,0,0,3.071,0,0.0599464,
129,0,5891,10.707,1,2,1,0,180,9,8.5,0,4,5,21,1.66,0.43,1.23942,2,0.81,79.5208,1.215,0,0.406202,0,0,0,1,0,0,0,0,0,3.154,0,0.284675,
130,0,5922,10.79,1,2,1,0,180,9,8.5,0,4,5,21,1.66,0.43,1.23942,2,0.81,79.5208,1.215,0,0.406202,0,0,0,1,0,0,0,0,0,3.154,0,0.201675,
131,0,5953,10.873,1,2,1,0,180,9,8.5,0,4,5,21,1.66,0.43,1.23942,2,0.81,79.5208,1.215,0,0.406202,0,0,0,1,0,0,0,0,0,3.154,0,0.118675,
132,0,6000,10.956,1,2,1,0,180,9,8.5,0,4,5,21,1.66,0.43,1.23942,2,0.81,79.5208,1.215,0,0.406202,0,0,0,1,0,0,0,0,0,3.154,0,0.0356748,
133,0,6047,11.039,1,2,1,0,7,9,8.625,0,4,5,23,1.66,0.43,1.23942,2,0.81,79.5208,1.215,0,0.406202,0,0,0,1,0,0,0,0,0,3.237,0,0.260403,
134,0,6078,11.122,1,2,1,0,7,9,8.625,0,4,5,23,1.66,0.43,1.23942,2,0.81,79.5208,1.215,0,0.406202,0,0,0,1,0,0,0,0,0,3.237,0,0.177403,
135,0,6110,11.205,1,2,1,0,7,9,8.625,0,4,5,23,1.66,0.43,1.23942,2,0.81,79.5208,1.215,0,0.406202,0,0,0,1,0,0,0,0,0,3.237,0,0.0944033,
136,0,6157,11.288,1,2,1,0,7,9,8.625,0,4,5,23,1.66,0.43,1.23942,2,0.81,79.5208,1.215,0,0.406202,0,0,0,1,0,0,0,0,0,3.237,0,0.0114033,
137,0,6188,11.371,1,2,1,0,175,9,8.75,0,4,5,18,1.66,0.43,1.23942,2,0.81,79.5208,1.215,0,0.406202,0,0,0,1,0,0,0,0,0,3.32,0,0.236132,
138,0,6219,11.454,1,2,1,0,175,9,8.75,0,4,5,18,1.66,0.43,1.23942,2,0.81,79.5208,1.215,0,0.406202,0,0,0,1,0,0,0,0,0,3.32,0,0.153132,
139,0,6250,11.537,1,2,1,0,175,9,8.75,0,4,5,18,1.66,0.43,1.23942,2,0.81,79.5208,1.215,0,0.406202,0,0,0,1,0,0,0,0,0,3.32,0,0.0701317,
140,0,6297,11.62,1,2,1,0,4,9,8.875,0,4,5,20,1.66,0.43,1.23942,2,0.81,79.5208,1.215,0,0.406202,0,0,0,1,0,0,0,0,0,3.403,0,0.29486,
141,0,6328,11.703,1,2,1,0,4,9,8.875,0,4,5,20,1.66,0.43,1.23942,2,0.81,79.5208,1.215,0,0.406202,0,0,0,1,0,0,0,0,0,3.403,0,0.21186,
142,0,6360,11.786,1,2,1,0,4,9,8.875,0,4,5,20,1.66,0.43,1.23942,2,0.81,79.5208,1.215,0,0.406202,0,0,0,1,0,0,0,0,0,3.403,0,0.12886,
143,0,6391,11.869,1,2,1,0,4,9,8.875,0,4,5,20,1.66,0.43,1.23942,2,0.81,79.5208,1.215,0,0.406202,0,0,0,1,0,0,0,0,0,3.403,0,0.0458602,
144,0,6422,11.952,1,2,1,0,170,9,9,0,4,5,18,1.66,0.43,1.23942,2,0.81,79.5208,1.215,0,0.406202,0,0,0,1,0,0,0,0,0,3.486,0,0.270589,
145,0,6453,12.035,1,2,1,0,170,9,9,0,4,5,18,1.66,0.43,1.23942,2,0.81,79.5208,1.215,0,0.406202,0,0,0,1,0,0,0,0,0,3.486,0,0.187589,
146,0,6500,12.118,1,2,1,0,170,9,9,0,4,5,18,1.66,0.43,1.23942,2,0.81,79.5208,1.215,0,0.406202,0,0,0,1,0,0,0,0,0,3.486,0,0.104589,
147,0,6532,12.201,1,2,1,0,170,9,9,0,4,5,18,1.66,0.43,1.23942,2,0.81,79.5208,1.215,0,0.406202,0,0,0,1,0,0,0,0,0,3.486,0,0.0215886,
148,0,6563,12.284,1,2,1,0,1,9,9.125,0,4,5,20,1.66,0.43,1.23942,2,0.81,79.5208,1.215,0,0.406202,0,0,0,1,0,0,0,0,0,3.569,0,0.246317,
149,0,6594,12.367,1,2,1,0,1,9,9.125,0,4,5,20,1.66,0.43,1.23942,2,0.81,79.5208,1.215,0,0.406202,0,0,0,1,0,0,0,0,0,3.569,0,0.163317,
150,0,6625,12.45,1,2,1,0,1,9,9.125,0,4,5,20,1.66,0.43,1.23942,2,0.81,79.5208,1.215,0,0.406202,0,0,0,1,0,0,0,0,0,3.569,0,0.0803171,
151,0,6657,12.533,1,2,1,0,330,9,9.3125,0,4,5,15,1.66,0.43,1.23942,2,0.81,79.5208,1.215,0,0.406202,0,0,0,1,0,0,0,0,0,3.652,0,0.45891,
152,0,6688,12.616,1,2,1,0,330,9,9.3125,0,4,5,15,1.66,0.43,1.23942,2,0.81,79.5208,1.215,0,0.406202,0,0,0,1,0,0,0,0,0,3.652,0,0.37591,
153,0,6719,12.699,1,2,1,0,330,9,9.3125,0,4,5,15,1.66,0.43,1.23942,2,0.81,79.5208,1.215,0,0.406202,0,0,0,1,0,0,0,0,0,3.652,0,0.29291,
154,0,6750,12.782,1,2,1,0,330,9,9.3125,0,4,5,15,1.66,0.43,1.23942,2,0.81,79.5208,1.215,0,0.406202,0,0,0,1,0,0,0,0,0,3.652,0,0.20991,
155,0,6782,12.865,1,2,1,0,330,9,9.3125,0,4,5,15,1.66,0.43,1.23942,2,0.81,79.5208,1.215,0,0.406202,0,0,0,1,0,0,0,0,0,3.652,0,0.12691,
156,0,6828,12.948,1,2,1,0,330,9,9.3125,0,4,5,15,1.66,0.43,1.23942,2,0.81,79.5208,1.215,0,0.406202,0,0,0,1,0,0,0,0,0,3.652,0,0.0439097,
157,0,6860,13.031,1,2,1,0,43,9,9.5,0,4,5,17,1.66,0.43,1.23942,2,0.81,79.5208,1.215,0,0.684653,0,0,0,1,0,0,0,0,0,3.735,0,0.304677,
158,0,6891,13.114,1,2,1,0,43,9,9.5,0,4,5,17,1.66,0.43,1.23942,2,0.81,79.5208,1.215,0,0.684653,0,0,0,1,0,0,0,0,0,3.735,0,0.221677,
159,0,6922,13.197,1,2,1,0,43,9,9.5,0,4,5,17,1.66,0.43,1.23942,2,0.81,79.5208,1.215,0,0.684653,0,0,0,1,0,0,0,0,0,3.735,0,0.138677,
160,0,6969,13.28,1,2,1,0,43,9,9.5,0,4,5,17,1.66,0.43,1.23942,2,0.81,79.5208,1.215,0,0.684653,0,0,0,1,0,0,0,0,0,3.735,0,0.0556765,
161,0,7000,13.363,1,2,1,0,279,9,9.75,0,4,5,16,1.66,0.43,1.23942,2,0.81,79.5208,1.215,0,0.934746,0,0,0,1,0,0,0,0,0,3.818,0,0.281433,
162,0,7047,13.446,1,2,1,0,279,9,9.75,0,4,5,16,1.66,0.43,1.23942,2,0.81,79.5208,1.215,0,0.934746,0,0,0,1,0,0,0,0,0,3.818,0,0.198433,
163,0,7094,13.529,1,2,1,0,279,9,9.75,0,4,5,16,1.66,0.43,1.23942,2,0.81,79.5208,1.215,0,0.934746,0,0,0,1,0,0,0,0,0,3.818,0,0.115433,
164,0,7125,13.612,1,2,1,0,279,9,9.75,0,4,5,16,1.66,0.43,1.23942,2,0.81,79.5208,1.215,0,0.934746,0,0,0,1,0,0,0,0,0,3.818,0,0.0324329,
165,0,7172,13.695,1,2,1,0,71,9,10,0,4,5,14,1.66,0.43,1.23942,2,0.81,79.5208,1.215,0,1.13082,0,0,0,1,0,0,0,0,0,3.901,0,0.191498,
166,0,7203,13.778,1,2,1,0,71,9,10,0,4,5,14,1.66,0.43,1.23942,2,0.81,79.5208,1.215,0,1.13082,0,0,0,1,0,0,0,0,0,3.901,0,0.108498,
167,0,7235,13.861,1,2,1,0,71,9,10,0,4,5,14,1.66,0.43,1.23942,2,0.81,79.5208,1.215,0,1.13082,0,0,0,1,0,0,0,0,0,3.901,0,0.0254975,
168,0,7282,13.944,1,2,1,0,280,9,10.25,0,4,5,13,1.66,0.43,1.23942,2,0.81,79.5208,1.215,0,1.215,0,0,0,1,0,0,0,0,0,3.984,0,0.155643,
169,0,7313,14.027,1,2,1,0,280,9,10.25,0,4,5,13,1.66,0.43,1.23942,2,0.81,79.5208,1.215,0,1.215,0,0,0,1,0,0,0,0,0,3.984,0,0.0726427,
170,0,7360,14.11,1,2,1,0,68,9,10.5,0,4,5,14,1.66,0.43,1.23942,2,0.81,79.5208,1.215,0,1.215,0,0,0,1,0,0,0,0,0,4.067,0,0.195404,
171,0,7391,14.193,1,2,1,0,68,9,10.5,0,4,5,14,1.66,0.43,1.23942,2,0.81,79.5208,1.215,0,1.215,0,0,0,1,0,0,0,0,0,4.067,0,0.112404,
172,0,7422,14.276,1,2,1,0,68,9,10.5,0,4,5,14,1.66,0.43,1.23942,2,0.81,79.5208,1.215,0,1.215,0,0,0,1,0,0,0,0,0,4.067,0,0.029404,
173,0,7453,14.359,1,2,1,0,273,9,10.75,0,4,5,13,1.66,0.43,1.23942,2,0.81,79.5208,1.215,0,1.215,0,0,0,1,0,0,0,0,0,4.15,0,0.152165,
174,0,7500,14.442,1,2,1,0,273,9,10.75,0,4,5,13,1.66,0.43,1.23942,2,0.81,79.5208,1.215,0,1.215,0,0,0,1,0,0,0,0,0,4.15,0,0.0691654,
175,0,7532,14.525,1,2,1,0,67,9,11,0,4,5,14,1.66,0.43,1.23942,2,0.81,79.5208,1.215,0,1.215,0,0,0,1,0,0,0,0,0,4.233,0,0.191927,
176,0,7578,14.608,1,2,1,0,67,9,11,0,4,5,14,1.66,0.43,1.23942,2,0.81,79.5208,1.215,0,1.215,0,0,0,1,0,0,0,0,0,4.233,0,0.108927,
177,0,7625,14.691,1,2,1,0,67,9,11,0,4,5,14,1.66,0.43,1.23942,2,0.81,79.5208,1.215,0,1.215,0,0,0,1,0,0,0,0,0,4.233,0,0.0259267,
178,0,7657,14.774,1,2,1,0,270,9,11.25,0,4,5,13,1.66,0.43,1.23942,2,0.81,79.5208,1.215,0,1.215,0,0,0,1,0,0,0,0,0,4.316,0,0.148688,
179,0,7688,14.857,1,2,1,0,270,9,11.25,0,4,5,13,1.66,0.43,1.23942,2,0.81,79.5208,1.215,0,1.215,0,0,0,1,0,0,0,0,0,4.316,0,0.065688,
180,0,7735,14.94,1,2,1,0,64,9,11.5,0,4,5,14,1.66,0.43,1.23942,2,0.81,79.5208,1.215,0,1.215,0,0,0,1,0,0,0,0,0,4.399,0,0.188449,
181,0,7766,15.023,1,2,1,0,64,9,11.5,0,4,5,14,1.66,0.43,1.23942,2,0.81,79.5208,1.215,0,1.215,0,0,0,1,0,0,0,0,0,4.399,0,0.105449,
182,0,7797,15.106,1,2,1,0,64,9,11.5,0,4,5,14,1.66,0.43,1.23942,2,0.81,79.5208,1.215,0,1.215,0,0,0,1,0,0,0,0,0,4.399,0,0.0224493,
183,0,7844,15.189,1,2,1,0,265,9,11.75,0,4,5,13,1.66,0.43,1.23942,2,0.81,79.5208,1.215,0,1.215,0,0,0,1,0,0,0,0,0,4.482,0,0.145211,
184,0,7875,15.272,1,2,1,0,265,9,11.75,0,4,5,13,1.66,0.43,1.23942,2,0.81,79.5208,1.215,0,1.215,0,0,0,1,0,0,0,0,0,4.482,0,0.0622106,
185,0,7922,15.355,1,2,1,0,63,9,12,0,4,5,14,1.66,0.43,1.23942,2,0.81,79.5208,1.215,0,1.215,0,0,0,1,0,0,0,0,0,4.565,0,0.184972,
186,0,7953,15.438,1,2,1,0,63,9,12,0,4,5,14,1.66,0.43,1.23942,2,0.81,79.5208,1.215,0,1.215,0,0,0,1,0,0,0,0,0,4.565,0,0.101972,
187,0,7985,15.521,1,2,1,0,63,9,12,0,4,5,14,1.66,0.43,1.23942,2,0.81,79.5208,1.215,0,1.215,0,0,0,1,0,0,0,0,0,4.565,0,0.0189719,
188,0,8032,15.604,1,2,1,0,262,9,12.25,0,4,5,13,1.66,0.43,1.23942,2,0.81,79.5208,1.215,0,1.215,0,0,0,1,0,0,0,0,0,4.648,0,0.141733,
189,0,8078,15.687,1,2,1,0,262,9,12.25,0,4,5,13,1.66,0.43,1.23942,2,0.81,79.5208,1.215,0,1.215,0,0,0,1,0,0,0,0,0,4.648,0,0.0587333,
190,0,8110,15.77,1,2,1,0,60,9,12.5,0,4,5,14,1.66,0.43,1.23942,2,0.81,79.5208,1.215,0,1.215,0,0,0,1,0,0,0,0,0,4.731,0,0.181495,
191,0,8141,15.853,1,2,1,0,60,9,12.5,0,4,5,14,1.66,0.43,1.23942,2,0.81,79.5208,1.215,0,1.215,0,0,0,1,0,0,0,0,0,4.731,0,0.0984946,
192,0,8172,15.936,1,2,1,0,60,9,12.5,0,4,5,14,1.66,0.43,1.23942,2,0.81,79.5208,1.215,0,1.215,0,0,0,1,0,0,0,0,0,4.731,0,0.0154946,
193,0,8203,16.019,1,2,1,0,257,9,12.75,0,4,5,13,1.66,0.43,1.23942,2,0.81,79.5208,1.215,0,1.215,0,0,0,1,0,0,0,0,0,4.814,0,0.138256,
194,0,8235,16.102,1,2,1,0,257,9,12.75,0,4,5,13,1.66,0.43,1.23942,2,0.81,79.5208,1.215,0,1.215,0,0,0,1,0,0,0,0,0,4.814,0,0.0552559,
195,0,8266,16.185,1,2,1,0,59,9,13,0,4,5,14,1.66,0.43,1.23942,2,0.81,79.5208,1.215,0,1.215,0,0,0,1,0,0,0,0,0,4.897,0,0.178017,
196,0,8313,16.268,1,2,1,0,59,9,13,0,4,5,14,1.66,0.43,1.23942,2,0.81,79.5208,1.215,0,1.215,0,0,0,1,0,0,0,0,0,4.897,0,0.0950172,
197,0,8344,16.351,1,2,1,0,59,9,13,0,4,5,14,1.66,0.43,1.23942,2,0.81,79.5208,1.215,0,1.215,0,0,0,1,0,0,0,0,0,4.897,0,0.0120172,
198,0,8375,16.434,1,2,1,0,254,9,13.25,0,4,5,13,1.66,0.43,1.23942,2,0.81,79.5208,1.215,0,1.215,0,0,0,1,0,0,0,0,0,4.814,0.083,0.134779,
199,0,8407,16.517,1,2,1,0,254,9,13.25,0,4,5,13,1.66,0.43,1.23942,2,0.81,79.5208,1.215,0,1.215,0,0,0,1,0,0,0,0,0,4.814,0.083,0.0517785,
200,0,8453,16.6,1,2,1,0,57,9,13.5,0,4,5,11,1.66,0.43,1.23942,2,0.81,79.5208,1.215,0,1.215,0,0,0,1,0,0,0,0,0,4.897,0,0.17454,
201,0,8485,16.683,1,2,1,0,57,9,13.5,0,4,5,11,1.66,0.43,1.23942,2,0.81,79.5208,1.215,0,1.215,0,0,0,1,0,0,0,0,0,4.897,0,0.0915399,
202,0,8532,16.766,1,2,1,0,57,9,13.5,0,4,5,11,1.66,0.43,1.23942,2,0.81,79.5208,1.215,0,1.215,0,0,0,1,0,0,0,0,0,4.897,0,0.00853986,
203,0,8578,16.849,1,2,1,0,249,9,13.75,0,4,5,10,1.66,0.43,1.23942,2,0.81,79.5208,1.215,0,1.215,0,0,0,1,0,0,0,0,0,4.814,0.083,0.131301,
204,0,8610,16.932,1,2,1,0,249,9,13.75,0,4,5,10,1.66,0.43,1.23942,2,0.81,79.5208,1.215,0,1.215,0,0,0,1,0,0,0,0,0,4.814,0.083,0.0483012,
205,0,8641,17.015,1,2,1,0,54,9,14,0,4,5,8,1.66,0.43,1.23942,2,0.81,79.5208,1.215,0,1.215,0,0,0,1,0,0,0,0,0,4.897,0,0.171062,
206,0,8672,17.098,1,2,1,0,54,9,14,0,4,5,8,1.66,0.43,1.23942,2,0.81,79.5208,1.215,0,0,0,0,0,1,1,1,0,0,0,4.897,0,0,
207,0,8703,17.181,1,2,1,0,54,9,14,0,4,5,8,1.66,0.43,1.23942,2,0.81,79.5208,1.215,0,0,0,0,0,1,1,0,0,0,0,4.897,0,0,
208,0,8735,17.264,1,2,1,0,54,9,14,0,4,5,8,1.66,0.43,1.23942,2,0.81,79.5208,1.215,0,0,0,0,0,1,1,0,0,0,0,4.897,0,0,
209,0,8766,17.347,1,2,1,0,54,9,14,0,4,5,8,1.66,0.43,1.23942,2,0.81,79.5208,1.215,0,0,0,0,0,1,1,0,0,0,0,4.897,0,0,
210,0,8797,17.43,1,2,1,0,54,9,14,0,4,5,8,1.66,0.43,1.23942,2,0.81,79.5208,1.215,0,0,0,0,0,1,1,0,0,0,0,4.897,0,0,
211,0,8828,17.513,1,2,1,0,54,9,14,0,4,5,8,1.66,0.43,1.23942,2,0.81,79.5208,1.215,0,0,0,0,0,1,1,0,0,0,0,4.897,0,0,
212,0,8860,17.596,1,2,1,0,54,9,14,0,4,5,8,1.66,0.43,1.23942,2,0.81,79.5208,1.215,0,0,0,0,0,1,1,0,0,0,0,4.897,0,0,
213,0,8907,17.679,1,2,1,0,54,9,14,0,4,5,8,1.66,0.43,1.23942,2,0.81,79.5208,1.215,0,0,0,0,0,1,1,0,0,0,0,4.897,0,0,
214,0,8938,17.762,1,2,1,0,54,9,14,0,4,5,8,1.66,0.43,1.23942,2,0.81,79.5208,1.215,0,0,0,0,0,1,1,0,0,0,0,4.897,0,0,
215,0,8969,17.845,1,2,1,0,54,9,14,0,4,5,8,1.66,0.43,1.23942,2,0.81,79.5208,1.215,0,0,0,0,0,1,1,0,0,0,0,4.897,0,0,
216,0,9000,17.928,1,2,1,0,54,9,14,0,4,5,8,1.66,0.43,1.23942,2,0.81,79.5208,1.215,0,0,0,0,0,1,1,0,0,0,0,4.897,0,0,
